0;Chappuis-Seuret;Doris;Rue de la Ribe 24;2854;Bassecourt;1967;D;GS Tabeillon;D4;O717do@gmail.com;;2 Grand Parcours;1 Grand Parcours;;;Course des Franches2026;;GST 2;;;;;;;;;;;;;;;;;;;;;;;;0
0;Chételat-Peuto;Maud;Cras du Mottet;2824;Vicques;1972;D;GS Tabeillon;D4;maudlovesiceland@gmail.com;;2 Grand Parcours;1 Grand Parcours;;;Course des Franches2026;;Les Summer bodies;;;;;;;;;;;;;;;;;;;;;;;;0
0;Lachat;Sophie;Les Mengartes 11;2828;Montsevelier;1973;D;To2MAX;D4;lachat.jacques@bluewin.ch;;2 Grand Parcours;1 Grand Parcours;;;Course des Franches2026;;;;;;;;;;;;;;;;;;;;;;;;;;0
0;Eschmann;Sylvaine;Croix 3;2854;Bassecourt;1977;D;YOR;D3;sglardon@bluewin.ch;;2 Grand Parcours;1 Grand Parcours;;;Course des Franches2026;;;;;;;;;;;;;;;;;;;;;;;;;;0
0;Lovis;Katia;Rue des Romains 8;2822;Courroux;1978;D;;D3;katia.lovis78@gmail.com;;2 Grand Parcours;1 Grand Parcours;;;Course des Franches2026;;Les Summer bodies;;;;;;;;;;;;;;;;;;;;;;;;0
0;Chenal;Karine;Ch. de la Dolaie 237;2362;Montfaucon;1979;D;;D3;gerard@marketamine.ch;;2 Grand Parcours;1 Grand Parcours;;;Course des Franches2026;;Marketamine;;;;;;;;;;;;;;;;;;;;;;;;0
0;Gerber;David;13 Rue St-NICOLAS;90100;DELLE;1980;D;Medical-flair;D3;gdtransports@outlook.com;;2 Grand Parcours;1 Grand Parcours;;;Course des Franches2026;;;;;;;;;;;;;;;;;;;;;;;;;;0
0;Haegeli;Muriel;Jolimont 68A;2855;Glovelier;1980;D;GS Tabeillon;D3;murielhaegeli35@gmail.com;;2 Grand Parcours;1 Grand Parcours;;;Course des Franches2026;;GST 1;;;;;;;;;;;;;;;;;;;;;;;;0
0;Brunott;Klasina;Sur la montagne 8;2855;Sceut;1980;D;;D3;gerard@marketamine.ch;;2 Grand Parcours;1 Grand Parcours;;;Course des Franches2026;;Marketamine;;;;;;;;;;;;;;;;;;;;;;;;0
0;Cattin;Maryline;Impasse de la Basilique 8;2852;Courtételle;1981;D;GST;D3;marylinecattin@bluewin.ch;;2 Grand Parcours;1 Grand Parcours;;;Course des Franches2026;;Les Summer bodies;;;;;;;;;;;;;;;;;;;;;;;;0
0;Koulmey;Maude;Champ-Faudin 24;2740;Moutier;1981;D;;D3;maude.miserez@bluewin.ch;;2 Grand Parcours;1 Grand Parcours;;;Course des Franches2026;;;;;;;;;;;;;;;;;;;;;;;;;;0
0;Cambianica;Marion;Rue de Chaux 22;2800;Delémont;1982;D;YORCENTER;D3;marioncambia@gmail.com;;2 Grand Parcours;1 Grand Parcours;;;Course des Franches2026;;;;;;;;;;;;;;;;;;;;;;;;;;0
0;Froidevaux;Lise;Rue des Sommêtres 22;2350;Saignelégier;1984;D;GSFM;D3;lisefroidevaux@bluewin.ch;;2 Grand Parcours;1 Grand Parcours;;;Course des Franches2026;;;;;;;;;;;;;;;;;;;;;;;;;;0
0;Nassivera;Nadège;La Bosse 41;2360;Le Bémont;1984;D;;D3;nadege.nassivera@gmail.com;;2 Grand Parcours;1 Grand Parcours;;;Course des Franches2026;;;;;;;;;;;;;;;;;;;;;;;;;;0
0;Bandelier;Cloé;Rue du Borbet 11;2855;Glovelier;1985;D;GS Tabeillon;D3;cloe_willemin@msn.com;;2 Grand Parcours;1 Grand Parcours;;;Course des Franches2026;;GST 1;;;;;;;;;;;;;;;;;;;;;;;;0
0;Scherrer;Coline;Mayettes 1;2800;Delémont;1986;D;;D3;gerard@marketamine.ch;;2 Grand Parcours;1 Grand Parcours;;;Course des Franches2026;;Marketamine;;;;;;;;;;;;;;;;;;;;;;;;0
0;Beuchat;Maude;Métairie des pics 2;2853;Courfaivre;1986;D;;D3;gerard@marketamine.ch;;2 Grand Parcours;1 Grand Parcours;;;Course des Franches2026;;Marketamine;;;;;;;;;;;;;;;;;;;;;;;;0
0;Schaller;Marine;Rue du Midi 26;2854;Bassecourt;1991;D;CCMoutier;D2;ma.flamme@bluemail.ch;;2 Grand Parcours;1 Grand Parcours;;;Course des Franches2026;;;;;;;;;;;;;;;;;;;;;;;;;;0
0;Monrouzeau Aellig;Vanessa;Rue de la faverge 5;2853;Courfaivre;1991;D;CAP HUNT;D2;vanee.aellig@gmail.com;;2 Grand Parcours;1 Grand Parcours;;;Course des Franches2026;;CAP HUNT;;;;;;;;;;;;;;;;;;;;;;;;0
0;Roch;Lea;Chemin de Pirassay 10;1281;Russin;1996;D;GS Tabeillon;D2;learoch@outlook.com;;2 Grand Parcours;1 Grand Parcours;;;Course des Franches2026;;GST 1;;;;;;;;;;;;;;;;;;;;;;;;0
0;Lachat;Romane;Rue de la Forge 2;2852;Courtételle;1997;D;GS Tabeillon;D1;romane.lachat@hotmail.com;;2 Grand Parcours;1 Grand Parcours;;;Course des Franches2026;;GST 2;;;;;;;;;;;;;;;;;;;;;;;;0
0;Cortat;Lova;Le Borbet 34;2950;Courgenay;1998;D;FSG Alle;D1;lova.cortat@gmail.com;;2 Grand Parcours;1 Grand Parcours;;;Course des Franches2026;;Running Team - FSG Alle;;;;;;;;;;;;;;;;;;;;;;;;0
0;Courbat;Laurane;Chemin des Noz 22;2942;Alle;2001;D;FSG Alle;D1;laurane.courbat@gmail.com;;2 Grand Parcours;1 Grand Parcours;;;Course des Franches2026;;Trail Team - FSG Alle;;;;;;;;;;;;;;;;;;;;;;;;0
0;Humair;Laura;Les Finages 4;2714;Les Genevez;2005;D;GSFM;D1;laura.humair@gmail.com;;2 Grand Parcours;1 Grand Parcours;;;Course des Franches2026;;;;;;;;;;;;;;;;;;;;;;;;;;0
0;Dobler;Jean-Robert;Route de Recolaine 21;2824;Vicques;1956;H;GS Tabeillon;H4;jrdobler@yahoo.fr;;2 Grand Parcours;1 Grand Parcours;;;Course des Franches2026;;Les Summer bodies;;;;;;;;;;;;;;;;;;;;;;;;0
0;José;Ferreira;Rue de la gare 5;2738;COURT;1968;H;Court;H4;j.s.ferreira@sapo.pt;;2 Grand Parcours;1 Grand Parcours;;;Course des Franches2026;;;;;;;;;;;;;;;;;;;;;;;;;;0
0;Lachat;Jacques;Les Mengartes 11;2828;Montseveluer;1971;H;To2MAX;H4;lachat.jacques@bluewin.ch;;2 Grand Parcours;1 Grand Parcours;;;Course des Franches2026;;;;;;;;;;;;;;;;;;;;;;;;;;0
0;Maître;Arnaud;Rue de synagogue 2;2900;Porrentruy;1973;H;GS Ajoie/VC Courtételle;H4;amaitre@beletsa.ch;;2 Grand Parcours;1 Grand Parcours;;;Course des Franches2026;;;;;;;;;;;;;;;;;;;;;;;;;;0
0;Chenal;Raphaël;Pré-Sergent 1;2364;St-Brais;1974;H;GS Tabeillon;H4;raphaelchenal@bluewin.ch;;2 Grand Parcours;1 Grand Parcours;;;Course des Franches2026;;Les Féroces;;;;;;;;;;;;;;;;;;;;;;;;0
0;Lando;Fabien;La Montbiaidge 19;2902;Fontenais;1974;H;;H4;landofabien@hotmail.com;;2 Grand Parcours;1 Grand Parcours;;;Course des Franches2026;;;;;;;;;;;;;;;;;;;;;;;;;;0
0;Schnyder;Patrick;Les Oeuches , 22;2534;Orvin;1974;H;Chasseral;H4;schnydou@yahoo.com;;2 Grand Parcours;1 Grand Parcours;;;Course des Franches2026;;;;;;;;;;;;;;;;;;;;;;;;;;0
0;Stoecklin;Rodolphe;Rue du chêne 13;68480;Moernach;1975;H;Louis-Lang SA;H4;rod-s@hotmail.fr;;2 Grand Parcours;1 Grand Parcours;;;Course des Franches2026;;;;;;;;;;;;;;;;;;;;;;;;;;0
0;Beuret;Philippe;ch. des vanniers 13;2900;porrentruy;1976;H;team la vallée;H4;beuret6@gmail.com;;2 Grand Parcours;1 Grand Parcours;;;Course des Franches2026;;;;;;;;;;;;;;;;;;;;;;;;;;0
0;Zuber;Raphaël;En-Fontaine-Allée 2;2950;Courgenay;1977;H;CAP Hunt;H3;zuber.raph@bluewin.ch;;2 Grand Parcours;1 Grand Parcours;;;Course des Franches2026;;CAP HUNT;;;;;;;;;;;;;;;;;;;;;;;;0
0;Lucchina;Julien;Rue Armand-Schwarz 6;2800;Delémont;1978;H;GS Tabeillon;H3;julienlucchina@icloud.com;;2 Grand Parcours;1 Grand Parcours;;;Course des Franches2026;;GST 1;;;;;;;;;;;;;;;;;;;;;;;;0
0;Eschmann;Olivier;Rue du Stand 41;2800;Delémont;1979;H;Team La Vallée;H3;o_eschmann@hotmail.com;;2 Grand Parcours;1 Grand Parcours;;;Course des Franches2026;;;;;;;;;;;;;;;;;;;;;;;;;;0
0;Courbat;Stéphane;Les Vieilles-Oeuches 13;2950;Courgenay;1981;H;CAP HUNT;H3;creboux81@gmail.com;;2 Grand Parcours;1 Grand Parcours;;;Course des Franches2026;;CAP HUNT;;;;;;;;;;;;;;;;;;;;;;;;0
0;Kohler;Didier;Route de la Transjurane 23;2855;Glovelier;1983;H;YORCENTER;H3;did.kohler@gmail.com;;2 Grand Parcours;1 Grand Parcours;;;Course des Franches2026;;;;;;;;;;;;;;;;;;;;;;;;;;0
0;Beuchat;Julian;rue bel air 8a;2350;Saignelégier;1985;H;Clique loitchou's-band saignelégier;H3;quincailleriedesfranches@gmail.com;;2 Grand Parcours;1 Grand Parcours;;;Course des Franches2026;;;;;;;;;;;;;;;;;;;;;;;;;;0
0;Huber;Thomas;L'erveratte 3c;2946;Miécourt;1985;H;;H3;huber-thomas@hotmail.com;;2 Grand Parcours;1 Grand Parcours;;;Course des Franches2026;;;;;;;;;;;;;;;;;;;;;;;;;;0
0;Jolidon;Vincent;L'Effondras 7;2950;Courgenay;1987;H;CAP HUNT;H2;vincent.jolidon@gmail.com;;2 Grand Parcours;1 Grand Parcours;;;Course des Franches2026;;CAP HUNT;;;;;;;;;;;;;;;;;;;;;;;;0
0;Schaller;Sébastien;Chemin Sous la Forêt 7;2853;Courfaivre;1987;H;;H2;schepp87@hotmail.com;;2 Grand Parcours;1 Grand Parcours;;;Course des Franches2026;;;;;;;;;;;;;;;;;;;;;;;;;;0
0;Dolce;Robin;Rauchemur 16;2802;develier;1988;H;Fsg courroux;H2;robin.dolce30@gmail.com;;2 Grand Parcours;1 Grand Parcours;;;Course des Franches2026;;;;;;;;;;;;;;;;;;;;;;;;;;0
0;Kottelat;Laurent;Penesse 6;2852;Courtételle;1988;H;GST;H2;laurent.kottelat@hotmail.com;;2 Grand Parcours;1 Grand Parcours;;;Course des Franches2026;;;;;;;;;;;;;;;;;;;;;;;;;;0
0;Marchand;Corentin;Le Bambois 24b;2886;Epiquerez;1989;H;Bambois;H2;corentin.marchand89@gmail.com;;2 Grand Parcours;1 Grand Parcours;;;Course des Franches2026;;;;;;;;;;;;;;;;;;;;;;;;;;0
0;Andrea;Miguel;Rue marzon 22;2738;Court;1990;H;Team Andrea;H2;migu_a@hotmail.com;;2 Grand Parcours;1 Grand Parcours;;;Course des Franches2026;;;;;;;;;;;;;;;;;;;;;;;;;;0
0;Eschmann;Loïc;Rue des Étangs 28;2854;Bassecourt;1990;H;Team la Vallée;H2;l.eschmann@hotmail.com;;2 Grand Parcours;1 Grand Parcours;;;Course des Franches2026;;;;;;;;;;;;;;;;;;;;;;;;;;0
0;Witschi;Christophe;Place de l'Eglise 10;2803;Bourrignon;1990;H;GS Tabeillon;H2;ch.witschi@gmail.com;;2 Grand Parcours;1 Grand Parcours;;;Course des Franches2026;;;;;;;;;;;;;;;;;;;;;;;;;;0
0;Monin;François;Rue du Chapelat 16;2855;Glovelier;1992;H;GS Tabeillon;H2;moninf@outlook.com;;2 Grand Parcours;1 Grand Parcours;;;Course des Franches2026;;GST 2;;;;;;;;;;;;;;;;;;;;;;;;0
0;Choffat;Jean-Luc;Froidevaux 70;2887;Soubey;1995;H;FSG Alle;H2;jl.choffat13@gmail.com;;2 Grand Parcours;1 Grand Parcours;;;Course des Franches2026;;Running Team - FSG Alle;;;;;;;;;;;;;;;;;;;;;;;;0
0;Gogniat;Bertrand;Les Vacheries 4;2714;Les Genevez;1997;H;Team la Courtine;H1;bertrand-7@hotmail.com;;2 Grand Parcours;1 Grand Parcours;;;Course des Franches2026;;;;;;;;;;;;;;;;;;;;;;;;;;0
0;Gerber;Alexandre;Rue de la Forge 2;2852;Courtételle;1997;H;GS Tabeillon;H1;alexandregerber@bluewin.ch;;2 Grand Parcours;1 Grand Parcours;;;Course des Franches2026;;GST 2;;;;;;;;;;;;;;;;;;;;;;;;0
0;Vallat;Mathieu;Rue du 23 juin;2882;SAINT-URSANNE;1998;H;;H1;mathieu.vallat3001@gmail.com;;2 Grand Parcours;1 Grand Parcours;;;Course des Franches2026;;;;;;;;;;;;;;;;;;;;;;;;;;0
0;Gerber;Tim;Place de la Fontaine 216;2902;Fontenais;1998;H;FSG Alle;H1;tim-gerber1@hotmail.com;;2 Grand Parcours;1 Grand Parcours;;;Course des Franches2026;;Running Team - FSG Alle;;;;;;;;;;;;;;;;;;;;;;;;0
0;Varrin;Célien;Rue des Rangiers 28;2350;Saigneléger;1999;H;GS Tabeillon;H1;celienvarrin@gmail.com;;2 Grand Parcours;1 Grand Parcours;;;Course des Franches2026;;Les Féroces;;;;;;;;;;;;;;;;;;;;;;;;0
0;Koller;Lucas;Rue des Tilleuls 4;2900;Porrentruy;1999;H;FSG Alle;H1;kollerlucas99@gmail.com;;2 Grand Parcours;1 Grand Parcours;;;Course des Franches2026;;Trail Team - FSG Alle;;;;;;;;;;;;;;;;;;;;;;;;0
0;Beuret;Léo;La Pierre-Percée 34;2950;Courgenay;2000;H;;H1;leobeuret2000@gmail.com;;2 Grand Parcours;1 Grand Parcours;;;Course des Franches2026;;;;;;;;;;;;;;;;;;;;;;;;;;0
0;Birrer;Simon;Route des Rangiers 73;2882;St-Ursanne;2000;H;;H1;simon-birrer@bluewin.ch;;2 Grand Parcours;1 Grand Parcours;;;Course des Franches2026;;;;;;;;;;;;;;;;;;;;;;;;;;0
0;Fleury;Maxime;Le Genévrier 2;2950;Courgenay;2001;H;FSG Alle;H1;maxime.fleury27@gmail.com;;2 Grand Parcours;1 Grand Parcours;;;Course des Franches2026;;Running Team - FSG Alle;;;;;;;;;;;;;;;;;;;;;;;;0
0;Paroz;Guillaume;Rauracie 19;2853;Courfaivre;2002;H;Endurise running club;H1;guillaumeparoz62@gmail.com;;2 Grand Parcours;1 Grand Parcours;;;Course des Franches2026;;;;;;;;;;;;;;;;;;;;;;;;;;0
0;Chenal;Dylan;Pré-Sergent 1;2364;St-Brais;2003;H;GS Tabeillon;H1;raphaelchenal@bluewin.ch;;2 Grand Parcours;1 Grand Parcours;;;Course des Franches2026;;Les Féroces;;;;;;;;;;;;;;;;;;;;;;;;0
0;Cuenin;Cyril;Rière Vasou 1;2882;St-Ursanne;2003;H;GS Tabeillon;H1;cuenin21@gmail.com;;2 Grand Parcours;1 Grand Parcours;;;Course des Franches2026;;Les Féroces;;;;;;;;;;;;;;;;;;;;;;;;0
0;Rebetez;Clément;Ls Colombière 131;2900;Porrentruy;2003;H;FSG Alle;H1;clemreb7@gmail.com;;2 Grand Parcours;1 Grand Parcours;;;Course des Franches2026;;Trail Team - FSG Alle;;;;;;;;;;;;;;;;;;;;;;;;0
0;Aubry;Thomas;Banderatte 45C;2905;Courtedoux;2005;H;FSG Alle;H1;thomasaubry2005@gmail.com;;2 Grand Parcours;1 Grand Parcours;;;Course des Franches2026;;Trail Team - FSG Alle;;;;;;;;;;;;;;;;;;;;;;;;0
